id,first_name,last_name,uploaded_at
1,Michael,P.,2022-09-07T10:23:39.587
2,Shawn,M.,2022-09-07T10:23:39.587
3,Kathleen,P.,2022-09-07T10:23:39.587
4,Jimmy,C.,2022-09-07T10:23:39.587
5,Katherine,R.,2022-09-07T10:23:39.587
6,Sarah,R.,2022-09-07T10:23:39.587
7,Martin,M.,2022-09-07T10:23:39.587
8,Frank,R.,2022-09-07T10:23:39.587
9,Jennifer,F.,2022-09-07T10:23:39.587
10,Henry,W.,2022-09-07T10:23:39.587
11,Fred,S.,2022-09-07T10:23:39.587
12,Amy,D.,2022-09-07T10:23:39.587
13,Kathleen,M.,2022-09-07T10:23:39.587
14,Steve,F.,2022-09-07T10:23:39.587
15,Teresa,H.,2022-09-07T10:23:39.587
16,Amanda,H.,2022-09-07T10:23:39.587
17,Kimberly,R.,2022-09-07T10:23:39.587
18,Johnny,K.,2022-09-07T10:23:39.587
19,Virginia,F.,2022-09-07T10:23:39.587
20,Anna,A.,2022-09-07T10:23:39.587
22,Sean,H.,2022-09-07T10:23:39.587
23,Mildred,A.,2022-09-07T10:23:39.587
24,David,G.,2022-09-07T10:23:39.587
25,Victor,H.,2022-09-07T10:23:39.587
26,Aaron,R.,2022-09-07T10:23:39.587
27,Benjamin,B.,2022-09-07T10:23:39.587
28,Lisa,W.,2022-09-07T10:23:39.587
29,Benjamin,K.,2022-09-07T10:23:39.587
30,Christina,W.,2022-09-07T10:23:39.587
31,Jane,G.,2022-09-07T10:23:39.587
32,Thomas,O.,2022-09-07T10:23:39.587
33,Katherine,M.,2022-09-07T10:23:39.587
34,Jennifer,S.,2022-09-07T10:23:39.587
35,Sara,T.,2022-09-07T10:23:39.587
36,Harold,O.,2022-09-07T10:23:39.587
37,Shirley,J.,2022-09-07T10:23:39.587
38,Dennis,J.,2022-09-07T10:23:39.587
39,Louise,W.,2022-09-07T10:23:39.587
40,Maria,A.,2022-09-07T10:23:39.587
41,Gloria,C.,2022-09-07T10:23:39.587
42,Diana,S.,2022-09-07T10:23:39.587
43,Kelly,N.,2022-09-07T10:23:39.587
44,Jane,R.,2022-09-07T10:23:39.587
45,Scott,B.,2022-09-07T10:23:39.587
46,Norma,C.,2022-09-07T10:23:39.587
47,Marie,P.,2022-09-07T10:23:39.587
48,Lillian,C.,2022-09-07T10:23:39.587
49,Judy,N.,2022-09-07T10:23:39.587
50,Billy,L.,2022-09-07T10:23:39.587
51,Howard,R.,2022-09-07T10:23:39.587
52,Laura,F.,2022-09-07T10:23:39.587
53,Anne,B.,2022-09-07T10:23:39.587
54,Rose,M.,2022-09-07T10:23:39.587
55,Nicholas,R.,2022-09-07T10:23:39.587
56,Joshua,K.,2022-09-07T10:23:39.587
57,Paul,W.,2022-09-07T10:23:39.587
58,Kathryn,K.,2022-09-07T10:23:39.587
59,Adam,A.,2022-09-07T10:23:39.587
60,Norma,W.,2022-09-07T10:23:39.587
61,Timothy,R.,2022-09-07T10:23:39.587
62,Elizabeth,P.,2022-09-07T10:23:39.587
63,Edward,G.,2022-09-07T10:23:39.587
64,David,C.,2022-09-07T10:23:39.587
65,Brenda,W.,2022-09-07T10:23:39.587
66,Adam,W.,2022-09-07T10:23:39.587
67,Michael,H.,2022-09-07T10:23:39.587
68,Jesse,E.,2022-09-07T10:23:39.587
69,Janet,P.,2022-09-07T10:23:39.587
70,Helen,F.,2022-09-07T10:23:39.587
71,Gerald,C.,2022-09-07T10:23:39.587
72,Kathryn,O.,2022-09-07T10:23:39.587
73,Alan,B.,2022-09-07T10:23:39.587
74,Harry,A.,2022-09-07T10:23:39.587
75,Andrea,H.,2022-09-07T10:23:39.587
76,Barbara,W.,2022-09-07T10:23:39.587
77,Anne,W.,2022-09-07T10:23:39.587
78,Harry,H.,2022-09-07T10:23:39.587
79,Jack,R.,2022-09-07T10:23:39.587
80,Phillip,H.,2022-09-07T10:23:39.587
81,Shirley,H.,2022-09-07T10:23:39.587
82,Arthur,D.,2022-09-07T10:23:39.587
83,Virginia,R.,2022-09-07T10:23:39.587
84,Christina,R.,2022-09-07T10:23:39.587
85,Theresa,M.,2022-09-07T10:23:39.587
86,Jason,C.,2022-09-07T10:23:39.587
87,Phillip,B.,2022-09-07T10:23:39.587
88,Adam,T.,2022-09-07T10:23:39.587
89,Margaret,J.,2022-09-07T10:23:39.587
90,Paul,P.,2022-09-07T10:23:39.587
91,Todd,W.,2022-09-07T10:23:39.587
92,Willie,O.,2022-09-07T10:23:39.587
93,Frances,R.,2022-09-07T10:23:39.587
94,Gregory,H.,2022-09-07T10:23:39.587
95,Lisa,P.,2022-09-07T10:23:39.587
96,Jacqueline,A.,2022-09-07T10:23:39.587
97,Shirley,D.,2022-09-07T10:23:39.587
98,Nicole,M.,2022-09-07T10:23:39.587
99,Mary,G.,2022-09-07T10:23:39.587
100,Jean,M.,2022-09-07T10:23:39.587
